[
  {
    "id": "31f9f89a-831c-4502-8458-3aef7c306e71",
    "data": [
      {
        "text": "ciao",
        "userDefined": false
      }
    ],
    "isTemplate": false,
    "count": 0,
    "updated": 0
  },
  {
    "id": "c30eff53-792b-4652-b6c8-bef658a4d0bf",
    "data": [
      {
        "text": "ciao ciao",
        "userDefined": false
      }
    ],
    "isTemplate": false,
    "count": 0,
    "updated": 0
  },
  {
    "id": "d4883018-7200-4692-afe0-de1059752dc7",
    "data": [
      {
        "text": "ciao bello",
        "userDefined": false
      }
    ],
    "isTemplate": false,
    "count": 0,
    "updated": 0
  },
  {
    "id": "468ea98a-383a-4ccf-b94f-ee75ad02a767",
    "data": [
      {
        "text": "ciao bella",
        "userDefined": false
      }
    ],
    "isTemplate": false,
    "count": 0,
    "updated": 0
  },
  {
    "id": "920676e8-f59b-4173-88c3-0a68f4ba5436",
    "data": [
      {
        "text": "ciao caro",
        "userDefined": false
      }
    ],
    "isTemplate": false,
    "count": 0,
    "updated": 0
  },
  {
    "id": "4c1d3923-359d-45d9-ba1d-9a20c6d064ef",
    "data": [
      {
        "text": "ciao cara",
        "userDefined": false
      }
    ],
    "isTemplate": false,
    "count": 0,
    "updated": 0
  },
  {
    "id": "4e7bcf73-773a-4b88-aa89-aa85c610fea1",
    "data": [
      {
        "text": "salve",
        "userDefined": false
      }
    ],
    "isTemplate": false,
    "count": 0,
    "updated": 0
  },
  {
    "id": "2f6abd03-3344-4960-bff7-2d5f19da7daa",
    "data": [
      {
        "text": "ehi",
        "userDefined": false
      }
    ],
    "isTemplate": false,
    "count": 0,
    "updated": 0
  }
]