[
  {
    "id": "a57b89fb-f791-47fb-aa08-843d4c0767c8",
    "data": [
      {
        "text": "3",
        "alias": "number",
        "meta": "@sys.number",
        "userDefined": false
      },
      {
        "text": " ",
        "userDefined": false
      },
      {
        "text": "chocolates",
        "alias": "element",
        "meta": "@element",
        "userDefined": false
      }
    ],
    "isTemplate": false,
    "count": 0,
    "updated": 0
  },
  {
    "id": "a19e54ff-19b0-4d3f-acf2-263d5e80f27a",
    "data": [
      {
        "text": "please give to me ",
        "userDefined": false
      },
      {
        "text": "a",
        "alias": "number",
        "meta": "@sys.number",
        "userDefined": false
      },
      {
        "text": " ",
        "userDefined": false
      },
      {
        "text": "chocolate",
        "alias": "element",
        "meta": "@element",
        "userDefined": false
      }
    ],
    "isTemplate": false,
    "count": 0,
    "updated": 0
  },
  {
    "id": "a7ef350d-0ccd-4542-b92a-8b7dcba35c09",
    "data": [
      {
        "text": "chocolate",
        "alias": "element",
        "meta": "@element",
        "userDefined": false
      }
    ],
    "isTemplate": false,
    "count": 0,
    "updated": 0
  },
  {
    "id": "29ac26f8-8d2c-496f-8973-cecd99c927a7",
    "data": [
      {
        "text": "I want ",
        "userDefined": false
      },
      {
        "text": "a",
        "alias": "number",
        "meta": "@sys.number",
        "userDefined": false
      },
      {
        "text": " ",
        "userDefined": false
      },
      {
        "text": "chocolate",
        "alias": "element",
        "meta": "@element",
        "userDefined": false
      }
    ],
    "isTemplate": false,
    "count": 0,
    "updated": 0
  }
]